[
  {
    "Name": "Adult",
    "ProductsCount": 58,
    "AvveragePrice": 778.495689,
    "TotalRevenue": 45152.75
  },
  {
    "Name": "Autoparts",
    "ProductsCount": 56,
    "AvveragePrice": 781.521250,
    "TotalRevenue": 43765.19
  },
  {
    "Name": "Business",
    "ProductsCount": 56,
    "AvveragePrice": 826.599821,
    "TotalRevenue": 46289.59
  },
  {
    "Name": "Drugs",
    "ProductsCount": 49,
    "AvveragePrice": 818.252040,
    "TotalRevenue": 40094.35
  },
  {
    "Name": "Electronics",
    "ProductsCount": 56,
    "AvveragePrice": 769.685178,
    "TotalRevenue": 43102.37
  },
  {
    "Name": "Fashion",
    "ProductsCount": 62,
    "AvveragePrice": 858.985161,
    "TotalRevenue": 53257.08
  },
  {
    "Name": "For Children",
    "ProductsCount": 69,
    "AvveragePrice": 749.000434,
    "TotalRevenue": 51681.03
  },
  {
    "Name": "Garden",
    "ProductsCount": 40,
    "AvveragePrice": 748.447000,
    "TotalRevenue": 29937.88
  },
  {
    "Name": "Other",
    "ProductsCount": 52,
    "AvveragePrice": 732.192115,
    "TotalRevenue": 38073.99
  },
  {
    "Name": "Sports",
    "ProductsCount": 49,
    "AvveragePrice": 666.960612,
    "TotalRevenue": 32681.07
  },
  {
    "Name": "Weapons",
    "ProductsCount": 53,
    "AvveragePrice": 719.324716,
    "TotalRevenue": 38124.21
  }
]