﻿<?xml version="1.0" encoding="utf-8"?>
<categories>
  <category name="Adult">
    <products-count>70</products-count>
    <average-price>789.825571</average-price>
    <total-revenue>55287.79</total-revenue>
  </category>
  <category name="Garden">
    <products-count>61</products-count>
    <average-price>766.104918</average-price>
    <total-revenue>46732.40</total-revenue>
  </category>
  <category name="Business">
    <products-count>61</products-count>
    <average-price>677.676065</average-price>
    <total-revenue>41338.24</total-revenue>
  </category>
  <category name="Electronics">
    <products-count>60</products-count>
    <average-price>756.928333</average-price>
    <total-revenue>45415.70</total-revenue>
  </category>
  <category name="Autoparts">
    <products-count>59</products-count>
    <average-price>767.021016</average-price>
    <total-revenue>45254.24</total-revenue>
  </category>
  <category name="Drugs">
    <products-count>56</products-count>
    <average-price>783.569107</average-price>
    <total-revenue>43879.87</total-revenue>
  </category>
  <category name="For Children">
    <products-count>55</products-count>
    <average-price>792.205090</average-price>
    <total-revenue>43571.28</total-revenue>
  </category>
  <category name="Weapons">
    <products-count>53</products-count>
    <average-price>829.133962</average-price>
    <total-revenue>43944.10</total-revenue>
  </category>
  <category name="Other">
    <products-count>45</products-count>
    <average-price>717.995555</average-price>
    <total-revenue>32309.80</total-revenue>
  </category>
  <category name="Sports">
    <products-count>44</products-count>
    <average-price>815.167954</average-price>
    <total-revenue>35867.39</total-revenue>
  </category>
  <category name="Fashion">
    <products-count>36</products-count>
    <average-price>793.297222</average-price>
    <total-revenue>28558.70</total-revenue>
  </category>
</categories>