﻿<?xml version="1.0" encoding="utf-8"?>
<products>
  <product name="TYLENOL COLD MULTI-SYMPTOM DAYTIME" price="1010.81" buyer="Patricia Fuller" />
  <product name="Butalbital, Aspirin and Caffeine" price="1010.98" buyer="Betty Lawson" />
  <product name="SEPHORA Acne-Fighting Mattifying Moisturizer" price="1019.28" buyer=" Thompson" />
  <product name="Acetaminophen, Chlorpheniramine Maleate, Dextromethorphan Hydrobromide, Phenylephrine Hydrochloride" price="1028.27" buyer="Thomas Snyder" />
  <product name="CVS Therapeutic Menthol Pain Reliever" price="1033.42" buyer="Jean Henry" />
  <product name="Aspen" price="1046.46" buyer="Anna Parker" />
  <product name="Ringers" price="1054.37" buyer="Brandon Fuller" />
  <product name="Acetic Acid" price="1060.43" buyer="Brenda Howell" />
  <product name="LBEL Couleur Luxe Rouge Amplifier XP amplifying SPF 15" price="1069.43" buyer=" Bennett" />
  <product name="Growing Pains" price="1077.37" buyer="Bonnie Fox" />
  <product name="up and up temporary minor arthritis pain relief" price="1085.78" buyer="Arthur Reynolds" />
  <product name="Ibuprofen" price="1088.04" buyer="Amanda Frazier" />
  <product name="XANTHIUM STRUMARIUM VAR CANADENSE POLLEN" price="1091.38" buyer="Sandra Riley" />
  <product name="ESIKA 3-IN-1 PRO MAKE UP FOUNDATION SPF 20 BASE DE MAQUILLAJE PARA ROSTRO 3-EN-1 PRO FPS 20" price="1097.60" buyer="Arthur Reynolds" />
  <product name="Head and Shoulders Conditioner" price="1099.59" buyer="Diana Harvey" />
  <product name="smart sense nighttime cold and flu relief" price="1101.77" buyer="Joshua Murray" />
  <product name="PREMIER VALUE ALLERGY" price="1127.61" buyer=" Harrison" />
  <product name="Lorazepam" price="1134.96" buyer="Christine Gomez" />
  <product name="Laser Block 100" price="1135.43" buyer="Amanda Frazier" />
  <product name="DIPYRIDAMOLE" price="1150.67" buyer="Joshua Murray" />
  <product name="Flumazenil" price="1151.37" buyer="Bonnie Fox" />
  <product name="Americaine" price="1165.75" buyer="Bonnie Fox" />
  <product name="leader pain reliever" price="1179.79" buyer="Carl Daniels" />
  <product name="PAMO Kill Natural" price="1181.06" buyer="Amanda Frazier" />
  <product name="Nighttime Sleep Aid" price="1217.11" buyer="Paula Hill" />
  <product name="Topical 60 Sec Sodium Fluoride" price="1228.84" buyer="Ann Stevens" />
  <product name="Aspergillus repens" price="1231.42" buyer="Patricia Fuller" />
  <product name="Oxygen" price="1242.92" buyer=" Thompson" />
  <product name="XtraCare Foam Antibacterial Hand Wash" price="1251.97" buyer="Nicole Martinez" />
  <product name="IOPE RETIGEN MOISTURE TWIN CAKE NO.21" price="1257.71" buyer="Fred Allen" />
  <product name="Topex" price="1258.49" buyer=" Cunningham" />
  <product name="SUMATRIPTAN SUCCINATE" price="1265.94" buyer=" Baker" />
  <product name="Prednisone" price="1285.99" buyer="Sandra Riley" />
  <product name="DIVALPROEX SODIUM" price="1287.03" buyer="Rachel Johnson" />
  <product name="VITALUMIERE AQUA" price="1293.09" buyer="Amanda Frazier" />
  <product name="Cefadroxil" price="1302.20" buyer="Arthur Reynolds" />
  <product name="Zonisamide" price="1305.41" buyer="Sandra Riley" />
  <product name="Ibuprofen" price="1305.96" buyer="Benjamin Henry" />
  <product name="Hydralazine Hydrochloride" price="1309.72" buyer="Patricia Fuller" />
  <product name="Fosphenytoin Sodium" price="1334.06" buyer="Marie Williamson" />
  <product name="Archangelica Eucalyptus" price="1334.91" buyer="Jeremy Woods" />
  <product name="Labetalol Hydrochloride" price="1345.11" buyer="Nicole Martinez" />
  <product name="Leg Cramp Relief" price="1345.69" buyer="Patricia Cooper" />
  <product name="MEDICATED DANDRUFF" price="1351.02" buyer=" Cunningham" />
  <product name="PCA SKIN ACNE" price="1356.22" buyer="Patrick King" />
  <product name="EMEND" price="1365.51" buyer=" Stewart" />
  <product name="Nevirapine" price="1374.72" buyer="Anna Parker" />
  <product name="Warfarin Sodium" price="1379.79" buyer="Betty Ward" />
  <product name="Fair Foundation SPF 15" price="1394.24" buyer=" Lawson" />
  <product name="Metoprolol Tartrate" price="1405.74" buyer=" Thompson" />
  <product name="Triamterene and Hydrochlorothiazide" price="1416.59" buyer="Christina Patterson" />
  <product name="Effervescent Cold Relief" price="1436.07" buyer="Benjamin Henry" />
  <product name="Etodolac" price="1443.13" buyer="Gary Stevens" />
  <product name="Acid Reducer" price="1443.51" buyer="Diana Harvey" />
  <product name="smart sense nicotine" price="1444.12" buyer=" Mitchell" />
  <product name="Amitriptyline Hydrochloride" price="1453.96" buyer="Arthur Reynolds" />
  <product name="Gilotrif" price="1454.77" buyer="Ann Stevens" />
  <product name="Treatment Set TS336667" price="1466.47" buyer="Nicole Martinez" />
  <product name="Glycopyrrolate" price="1471.43" buyer=" Peterson" />
  <product name="Etoposide" price="1483.96" buyer="Doris Cook" />
  <product name="Alcohol Free Antiseptic" price="1486.07" buyer="Christina Patterson" />
  <product name="Budpak Hemorrhoid Anesthetic" price="1499.29" buyer="Betty Lawson" />
</products>