﻿<?xml version="1.0" encoding="utf-8"?>
<users>
  <user first-name="Gloria" last-name="Alexander" />
  <sold-products>
    <product>
      <name>AVANDAMET</name>
      <price>632.08</price>
    </product>
    <product>
      <name>ziprasidone hydrochloride</name>
      <price>628.66</price>
    </product>
    <product>
      <name>EMEND</name>
      <price>1365.51</price>
    </product>
  </sold-products>
  <user first-name="Fred" last-name="Allen" />
  <sold-products>
    <product>
      <name>Perrigo Benzoyl Peroxide</name>
      <price>873.24</price>
    </product>
    <product>
      <name>Imipramine Hydrochloride</name>
      <price>648.69</price>
    </product>
    <product>
      <name>Labetalol hydrochloride</name>
      <price>436.38</price>
    </product>
    <product>
      <name>smart sense nighttime cold and flu relief</name>
      <price>1101.77</price>
    </product>
    <product>
      <name>ROPINIROLE HYDROCHLORIDE</name>
      <price>266.44</price>
    </product>
  </sold-products>
  <user first-name="Fred" last-name="Barnes" />
  <sold-products>
    <product>
      <name>Irbesartan and Hydrochlorothiazide</name>
      <price>308.30</price>
    </product>
    <product>
      <name>Nighttime Sleep Aid</name>
      <price>1217.11</price>
    </product>
    <product>
      <name>Fosphenytoin Sodium</name>
      <price>1334.06</price>
    </product>
  </sold-products>
  <user first-name="" last-name="Bennett" />
  <sold-products>
    <product>
      <name>DIPYRIDAMOLE</name>
      <price>1150.67</price>
    </product>
    <product>
      <name>Lamotrigine Extended Release</name>
      <price>245.63</price>
    </product>
    <product>
      <name>Allergena</name>
      <price>109.32</price>
    </product>
  </sold-products>
  <user first-name="Anna" last-name="Clark" />
  <sold-products>
    <product>
      <name>Amlodipine Besylate</name>
      <price>122.57</price>
    </product>
    <product>
      <name>CD CAPTURE TOTALE Triple Correcting Serum Foundation Wrinkles-Dark Spots-Radiance with sunscreen Broad Spectrum SPF 25 010</name>
      <price>77.23</price>
    </product>
  </sold-products>
  <user first-name="Doris" last-name="Cook" />
  <sold-products>
    <product>
      <name>Extra Strength Pain Reliever PM</name>
      <price>542.72</price>
    </product>
    <product>
      <name>ERYTHROMYCIN Base Filmtab</name>
      <price>117.84</price>
    </product>
    <product>
      <name>Yellow Jacket hymenoptera venom Venomil Diagnostic</name>
      <price>23.58</price>
    </product>
  </sold-products>
  <user first-name="Patricia" last-name="Cooper" />
  <sold-products>
    <product>
      <name>Carbon Dioxide Oxygen Mixture</name>
      <price>95.49</price>
    </product>
    <product>
      <name>Peter Island Continous sunscreen kids</name>
      <price>471.30</price>
    </product>
    <product>
      <name>Clarins Paris Skin Illusion - 114 cappuccino</name>
      <price>811.42</price>
    </product>
  </sold-products>
  <user first-name="" last-name="Cunningham" />
  <sold-products>
    <product>
      <name>MOIST MOISTURE SKIN TONER</name>
      <price>152.43</price>
    </product>
  </sold-products>
  <user first-name="Carl" last-name="Daniels" />
  <sold-products>
    <product>
      <name>Labetalol Hydrochloride</name>
      <price>1345.11</price>
    </product>
    <product>
      <name>Stila Hydrating Primer Oil-Free SPF 30</name>
      <price>179.28</price>
    </product>
    <product>
      <name>SNORING HP</name>
      <price>53.59</price>
    </product>
    <product>
      <name>Acetaminophen, Chlorpheniramine Maleate, Dextromethorphan Hydrobromide, Phenylephrine Hydrochloride</name>
      <price>1028.27</price>
    </product>
  </sold-products>
  <user first-name="Sarah" last-name="Day" />
  <sold-products>
    <product>
      <name>CARBIDOPA AND LEVODOPA</name>
      <price>441.64</price>
    </product>
    <product>
      <name>allergy eye</name>
      <price>426.91</price>
    </product>
    <product>
      <name>Baza Antifungal</name>
      <price>1162.34</price>
    </product>
    <product>
      <name>Gilotrif</name>
      <price>1454.77</price>
    </product>
    <product>
      <name>kirkland signature minoxidil</name>
      <price>49.17</price>
    </product>
  </sold-products>
  <user first-name="Clarence" last-name="Fowler" />
  <sold-products>
    <product>
      <name>Hydralazine Hydrochloride</name>
      <price>1309.72</price>
    </product>
    <product>
      <name>ESIKA</name>
      <price>879.37</price>
    </product>
    <product>
      <name>TERSI</name>
      <price>554.91</price>
    </product>
  </sold-products>
  <user first-name="" last-name="Fox" />
  <sold-products>
    <product>
      <name>Americaine</name>
      <price>1165.75</price>
    </product>
    <product>
      <name>Parsley</name>
      <price>519.06</price>
    </product>
    <product>
      <name>ropinirole hydrochloride</name>
      <price>103.58</price>
    </product>
    <product>
      <name>GOONG SECRET CALMING BATH</name>
      <price>742.47</price>
    </product>
  </sold-products>
  <user first-name="Bonnie" last-name="Fox" />
  <sold-products>
    <product>
      <name>Aspirin</name>
      <price>925.45</price>
    </product>
    <product>
      <name>Fexofenadine HCl and Pseudoephedrine HCI</name>
      <price>73.07</price>
    </product>
  </sold-products>
  <user first-name="Amanda" last-name="Frazier" />
  <sold-products>
    <product>
      <name>Gemcitabine</name>
      <price>594.79</price>
    </product>
    <product>
      <name>Amitiza</name>
      <price>666.58</price>
    </product>
    <product>
      <name>Aquafresh</name>
      <price>849.93</price>
    </product>
    <product>
      <name>Allopurinol</name>
      <price>336.81</price>
    </product>
    <product>
      <name>ISOPROPYL ALCOHOL</name>
      <price>339.48</price>
    </product>
    <product>
      <name>No7 Protect and Perfect Foundation Sunscreen Broad Spectrum SPF 15 Cool Ivory</name>
      <price>616.19</price>
    </product>
    <product>
      <name>cough and sore throat</name>
      <price>1482.68</price>
    </product>
    <product>
      <name>LV-FX</name>
      <price>820.87</price>
    </product>
  </sold-products>
  <user first-name="Brandon" last-name="Fuller" />
  <sold-products>
    <product>
      <name>Childrens Allegra Allergy</name>
      <price>650.97</price>
    </product>
  </sold-products>
  <user first-name="Patricia" last-name="Fuller" />
  <sold-products>
    <product>
      <name>VITALUMIERE AQUA</name>
      <price>1293.09</price>
    </product>
    <product>
      <name>Prednisone</name>
      <price>550.72</price>
    </product>
    <product>
      <name>Almond</name>
      <price>367.32</price>
    </product>
    <product>
      <name>Etoposide</name>
      <price>1483.96</price>
    </product>
    <product>
      <name>Glipizide</name>
      <price>621.78</price>
    </product>
  </sold-products>
  <user first-name="Kathy" last-name="Gilbert" />
  <sold-products>
    <product>
      <name>Pleo Ginkgo</name>
      <price>613.65</price>
    </product>
    <product>
      <name>Butalbital, Aspirin and Caffeine</name>
      <price>1010.98</price>
    </product>
    <product>
      <name>CVS Therapeutic Menthol Pain Reliever</name>
      <price>1033.42</price>
    </product>
    <product>
      <name>MEDICATED DANDRUFF</name>
      <price>1351.02</price>
    </product>
  </sold-products>
  <user first-name="Christine" last-name="Gomez" />
  <sold-products>
    <product>
      <name>Strattera</name>
      <price>658.54</price>
    </product>
    <product>
      <name>Archangelica Eucalyptus</name>
      <price>1334.91</price>
    </product>
    <product>
      <name>Gehwol med Lipidro</name>
      <price>421.24</price>
    </product>
    <product>
      <name>PredniSONE</name>
      <price>286.43</price>
    </product>
    <product>
      <name>H-Rosacea Formula</name>
      <price>99.74</price>
    </product>
  </sold-products>
  <user first-name="Nicole" last-name="Harris" />
  <sold-products>
    <product>
      <name>Pollens - Weeds and Garden Plants, Nettle Urtica dioica</name>
      <price>782.77</price>
    </product>
    <product>
      <name>smart sense nicotine</name>
      <price>1444.12</price>
    </product>
    <product>
      <name>Megestrol Acetate</name>
      <price>976.15</price>
    </product>
    <product>
      <name>NEO-POLY-BAC HYDRO</name>
      <price>967.32</price>
    </product>
    <product>
      <name>PRIMAXIN</name>
      <price>686.66</price>
    </product>
  </sold-products>
  <user first-name="Wanda" last-name="Harris" />
  <sold-products>
    <product>
      <name>Protonix</name>
      <price>466.70</price>
    </product>
    <product>
      <name>U-max Multi BB</name>
      <price>137.16</price>
    </product>
    <product>
      <name>Acetic Acid</name>
      <price>1060.43</price>
    </product>
  </sold-products>
  <user first-name="" last-name="Harrison" />
  <sold-products>
    <product>
      <name>Amitriptyline Hydrochloride</name>
      <price>1453.96</price>
    </product>
    <product>
      <name>Zonisamide</name>
      <price>1305.41</price>
    </product>
    <product>
      <name>equaline</name>
      <price>520.45</price>
    </product>
    <product>
      <name>Metaxalone</name>
      <price>79.94</price>
    </product>
  </sold-products>
  <user first-name="Diana" last-name="Harvey" />
  <sold-products>
    <product>
      <name>AMARANTHUS PALMERI POLLEN</name>
      <price>623.16</price>
    </product>
  </sold-products>
  <user first-name="Benjamin" last-name="Henry" />
  <sold-products>
    <product>
      <name>Prednisone</name>
      <price>1285.99</price>
    </product>
    <product>
      <name>Homeopathic Rheumatism</name>
      <price>967.08</price>
    </product>
    <product>
      <name>RESCRIPTOR</name>
      <price>850.52</price>
    </product>
    <product>
      <name>CEDAX</name>
      <price>342.86</price>
    </product>
    <product>
      <name>LANEIGE MYSTIC VEIL FOUNDATION</name>
      <price>20.86</price>
    </product>
  </sold-products>
  <user first-name="Jean" last-name="Henry" />
  <sold-products>
    <product>
      <name>Enalapril Maleate</name>
      <price>72.71</price>
    </product>
    <product>
      <name>Isosorbide Mononitrate</name>
      <price>789.91</price>
    </product>
    <product>
      <name>EPZICOM</name>
      <price>895.65</price>
    </product>
  </sold-products>
  <user first-name="Paula" last-name="Hill" />
  <sold-products>
    <product>
      <name>Cefadroxil</name>
      <price>1302.20</price>
    </product>
    <product>
      <name>PAMO Kill Natural</name>
      <price>1181.06</price>
    </product>
    <product>
      <name>Ondansetron</name>
      <price>1249.76</price>
    </product>
    <product>
      <name>DIVALPROEX SODIUM</name>
      <price>1287.03</price>
    </product>
  </sold-products>
  <user first-name="Brenda" last-name="Howell" />
  <sold-products>
    <product>
      <name>GEMCITABINE</name>
      <price>1468.11</price>
    </product>
    <product>
      <name>IOPE RETIGEN MOISTURE TWIN CAKE NO.21</name>
      <price>1257.71</price>
    </product>
    <product>
      <name>Treatment Set TS336667</name>
      <price>1466.47</price>
    </product>
    <product>
      <name>up and up temporary minor arthritis pain relief</name>
      <price>1085.78</price>
    </product>
    <product>
      <name>Glyburide</name>
      <price>95.10</price>
    </product>
    <product>
      <name>Leg Cramp Relief</name>
      <price>1345.69</price>
    </product>
  </sold-products>
  <user first-name="Rachel" last-name="Johnson" />
  <sold-products>
    <product>
      <name>Albuterol</name>
      <price>108.95</price>
    </product>
    <product>
      <name>CHAMOMILLA</name>
      <price>37.97</price>
    </product>
    <product>
      <name>Diastat</name>
      <price>614.14</price>
    </product>
    <product>
      <name>Topex</name>
      <price>1258.49</price>
    </product>
  </sold-products>
  <user first-name="Patrick" last-name="King" />
  <sold-products>
    <product>
      <name>Etodolac</name>
      <price>1443.13</price>
    </product>
    <product>
      <name>Warfarin Sodium</name>
      <price>1379.79</price>
    </product>
    <product>
      <name>TRAMADOL HYDROCHLORIDE</name>
      <price>516.48</price>
    </product>
  </sold-products>
  <user first-name="" last-name="Lawson" />
  <sold-products>
    <product>
      <name>Metformin Hydrochloride</name>
      <price>953.99</price>
    </product>
    <product>
      <name>Cold and Cough</name>
      <price>218.14</price>
    </product>
  </sold-products>
  <user first-name="Betty" last-name="Lawson" />
  <sold-products>
    <product>
      <name>Naproxen</name>
      <price>807.22</price>
    </product>
    <product>
      <name>SEPHORA Acne-Fighting Mattifying Moisturizer</name>
      <price>1019.28</price>
    </product>
    <product>
      <name>CLARINS Ever Matte SPF 15 - 105 Nude</name>
      <price>696.06</price>
    </product>
  </sold-products>
  <user first-name="Nicole" last-name="Martinez" />
  <sold-products>
    <product>
      <name>AIR</name>
      <price>581.69</price>
    </product>
    <product>
      <name>Ibuprofen</name>
      <price>1088.04</price>
    </product>
    <product>
      <name>XANTHIUM STRUMARIUM VAR CANADENSE POLLEN</name>
      <price>1091.38</price>
    </product>
  </sold-products>
  <user first-name="" last-name="Mitchell" />
  <sold-products>
    <product>
      <name>ENBREL</name>
      <price>673.97</price>
    </product>
    <product>
      <name>Burn Jel</name>
      <price>209.57</price>
    </product>
    <product>
      <name>Levothyroxine Sodium</name>
      <price>885.86</price>
    </product>
    <product>
      <name>Acnezzol Base</name>
      <price>710.60</price>
    </product>
  </sold-products>
  <user first-name="Chris" last-name="Mitchell" />
  <sold-products>
    <product>
      <name>Propranolol Hydrochloride</name>
      <price>546.95</price>
    </product>
    <product>
      <name>Pollens - Weeds and Garden Plants, Scotch Broom Cytisus scoparius</name>
      <price>135.82</price>
    </product>
    <product>
      <name>Dover Aminophen</name>
      <price>192.07</price>
    </product>
    <product>
      <name>Aspergillus repens</name>
      <price>1231.42</price>
    </product>
    <product>
      <name>Shopko Lip Treatment</name>
      <price>861.42</price>
    </product>
    <product>
      <name>Ampicillin</name>
      <price>674.63</price>
    </product>
    <product>
      <name>ENALAPRIL MALEATE</name>
      <price>210.42</price>
    </product>
  </sold-products>
  <user first-name="" last-name="Moreno" />
  <sold-products>
    <product>
      <name>Trihexyphenidyl Hydrochloride</name>
      <price>64.88</price>
    </product>
    <product>
      <name>Agaricus Equisetum Special Order</name>
      <price>585.93</price>
    </product>
    <product>
      <name>Leflunomide</name>
      <price>312.85</price>
    </product>
  </sold-products>
  <user first-name="Joshua" last-name="Murray" />
  <sold-products>
    <product>
      <name>olio activ mouthwash</name>
      <price>206.06</price>
    </product>
    <product>
      <name>PANTOPRAZOLE SODIUM</name>
      <price>293.89</price>
    </product>
  </sold-products>
  <user first-name="Anna" last-name="Parker" />
  <sold-products>
    <product>
      <name>Echinacea Quartz Gum Support</name>
      <price>570.08</price>
    </product>
    <product>
      <name>Goats Milk</name>
      <price>298.53</price>
    </product>
    <product>
      <name>DAYWEAR PLUS MULTI PROTECTION TINTED MOISTURIZER</name>
      <price>555.12</price>
    </product>
    <product>
      <name>Phenylephrine HCl</name>
      <price>459.89</price>
    </product>
  </sold-products>
  <user first-name="Billy" last-name="Parker" />
  <sold-products>
    <product>
      <name>Ibuprofen</name>
      <price>1305.96</price>
    </product>
    <product>
      <name>Glycopyrrolate</name>
      <price>1471.43</price>
    </product>
  </sold-products>
  <user first-name="Emily" last-name="Parker" />
  <sold-products>
    <product>
      <name>SUMATRIPTAN SUCCINATE</name>
      <price>1265.94</price>
    </product>
    <product>
      <name>Pioglitazone</name>
      <price>306.56</price>
    </product>
    <product>
      <name>Oxygen</name>
      <price>1242.92</price>
    </product>
    <product>
      <name>ESIKA 3-IN-1 PRO MAKE UP FOUNDATION SPF 20 BASE DE MAQUILLAJE PARA ROSTRO 3-EN-1 PRO FPS 20</name>
      <price>1097.60</price>
    </product>
  </sold-products>
  <user first-name="Christina" last-name="Patterson" />
  <sold-products>
    <product>
      <name>ANXIETY/STRESS RELIEF</name>
      <price>324.66</price>
    </product>
  </sold-products>
  <user first-name="Jacqueline" last-name="Perez" />
  <sold-products>
    <product>
      <name>Topical 60 Sec Sodium Fluoride</name>
      <price>1228.84</price>
    </product>
  </sold-products>
  <user first-name="" last-name="Peterson" />
  <sold-products>
    <product>
      <name>Effervescent Cold Relief</name>
      <price>1436.07</price>
    </product>
    <product>
      <name>Nevirapine</name>
      <price>1374.72</price>
    </product>
  </sold-products>
  <user first-name="Arthur" last-name="Reynolds" />
  <sold-products>
    <product>
      <name>IOPE SUPER VITAL</name>
      <price>824.68</price>
    </product>
    <product>
      <name>PCA SKIN ACNE</name>
      <price>1356.22</price>
    </product>
    <product>
      <name>Moore Medical Sinus Pain and Pressure Relief</name>
      <price>855.39</price>
    </product>
    <product>
      <name>Wintergreen Isopropyl Alcohol</name>
      <price>1397.57</price>
    </product>
  </sold-products>
  <user first-name="Jennifer" last-name="Riley" />
  <sold-products>
    <product>
      <name>Warfarin Sodium</name>
      <price>138.83</price>
    </product>
    <product>
      <name>Fair Foundation SPF 15</name>
      <price>1394.24</price>
    </product>
  </sold-products>
  <user first-name="Sandra" last-name="Riley" />
  <sold-products>
    <product>
      <name>leader pain reliever</name>
      <price>1179.79</price>
    </product>
    <product>
      <name>CALMING DIAPER RASH</name>
      <price>700.92</price>
    </product>
    <product>
      <name>Head and Shoulders Conditioner</name>
      <price>1099.59</price>
    </product>
  </sold-products>
  <user first-name="" last-name="Schmidt" />
  <sold-products>
    <product>
      <name>Laser Block 100</name>
      <price>1135.43</price>
    </product>
    <product>
      <name>Alcohol Free Antiseptic</name>
      <price>1486.07</price>
    </product>
    <product>
      <name>LBEL Couleur Luxe Rouge Amplifier XP amplifying SPF 15</name>
      <price>1069.43</price>
    </product>
  </sold-products>
  <user first-name="Thomas" last-name="Snyder" />
  <sold-products>
    <product>
      <name>Acid Reducer</name>
      <price>1443.51</price>
    </product>
    <product>
      <name>XtraCare Foam Antibacterial Hand Wash</name>
      <price>1251.97</price>
    </product>
    <product>
      <name>Ranitidine</name>
      <price>926.64</price>
    </product>
    <product>
      <name>Clearskin</name>
      <price>968.59</price>
    </product>
    <product>
      <name>Glipizide and Metformin Hydrochloride</name>
      <price>953.60</price>
    </product>
  </sold-products>
  <user first-name="Ann" last-name="Stevens" />
  <sold-products>
    <product>
      <name>Care One Hemorrhoidal</name>
      <price>932.18</price>
    </product>
    <product>
      <name>PREMIER VALUE ALLERGY</name>
      <price>1127.61</price>
    </product>
    <product>
      <name>Air</name>
      <price>331.53</price>
    </product>
    <product>
      <name>Spironolactone</name>
      <price>933.69</price>
    </product>
    <product>
      <name>Alternaria alternata</name>
      <price>61.24</price>
    </product>
  </sold-products>
  <user first-name="Gary" last-name="Stevens" />
  <sold-products>
    <product>
      <name>Aspen</name>
      <price>1046.46</price>
    </product>
    <product>
      <name>Pollens - Trees, Birch Mix</name>
      <price>1153.54</price>
    </product>
    <product>
      <name>Metoprolol Tartrate</name>
      <price>1405.74</price>
    </product>
    <product>
      <name>Ketorolac Tromethamine</name>
      <price>608.18</price>
    </product>
    <product>
      <name>Warfarin Sodium</name>
      <price>770.05</price>
    </product>
    <product>
      <name>Finasteride</name>
      <price>1374.01</price>
    </product>
    <product>
      <name>ORCHID SECRET PACT</name>
      <price>59.53</price>
    </product>
  </sold-products>
  <user first-name="" last-name="Stewart" />
  <sold-products>
    <product>
      <name>Prostate</name>
      <price>716.05</price>
    </product>
    <product>
      <name>Allopurinol</name>
      <price>518.50</price>
    </product>
    <product>
      <name>BareMinerals Golden Tan matte</name>
      <price>110.93</price>
    </product>
    <product>
      <name>Buprenorphine hydrochloride and naloxone hydrochloride dihydrate</name>
      <price>293.33</price>
    </product>
  </sold-products>
  <user first-name="Eugene" last-name="Stewart" />
  <sold-products>
    <product>
      <name>Triamterene and Hydrochlorothiazide</name>
      <price>1416.59</price>
    </product>
    <product>
      <name>Retin-A MICRO</name>
      <price>995.98</price>
    </product>
    <product>
      <name>PLANTAGO LANCEOLATA POLLEN</name>
      <price>561.68</price>
    </product>
    <product>
      <name>Etomidate</name>
      <price>393.94</price>
    </product>
    <product>
      <name>Myristica Argentum Sinus Relief</name>
      <price>904.52</price>
    </product>
    <product>
      <name>Budpak Hemorrhoid Anesthetic</name>
      <price>1499.29</price>
    </product>
  </sold-products>
  <user first-name="" last-name="Thompson" />
  <sold-products>
    <product>
      <name>pain relief</name>
      <price>938.23</price>
    </product>
    <product>
      <name>TYLENOL COLD MULTI-SYMPTOM DAYTIME</name>
      <price>1010.81</price>
    </product>
    <product>
      <name>Enchanted Moments Mistletoe Kisses Hand Sanitizer</name>
      <price>384.99</price>
    </product>
    <product>
      <name>Smooth texture Orange flavor</name>
      <price>976.65</price>
    </product>
    <product>
      <name>Eszopiclone</name>
      <price>405.03</price>
    </product>
    <product>
      <name>Pleo Lat</name>
      <price>720.08</price>
    </product>
    <product>
      <name>Benazepril Hydrochloride and Hydrochlorothiazide</name>
      <price>1187.27</price>
    </product>
  </sold-products>
  <user first-name="Betty" last-name="Ward" />
  <sold-products>
    <product>
      <name>Fluoxetine</name>
      <price>385.37</price>
    </product>
    <product>
      <name>Meloxicam</name>
      <price>809.18</price>
    </product>
    <product>
      <name>Allopurinol</name>
      <price>48.80</price>
    </product>
    <product>
      <name>Azithromycin</name>
      <price>813.87</price>
    </product>
    <product>
      <name>Foaming Hand Sanitizer</name>
      <price>624.72</price>
    </product>
    <product>
      <name>Buprenorphine hydrochloride</name>
      <price>391.05</price>
    </product>
    <product>
      <name>Lorazepam</name>
      <price>1134.96</price>
    </product>
  </sold-products>
  <user first-name="Marie" last-name="Williamson" />
  <sold-products>
    <product>
      <name>Growing Pains</name>
      <price>1077.37</price>
    </product>
    <product>
      <name>Topiramate</name>
      <price>578.77</price>
    </product>
    <product>
      <name>REYATAZ</name>
      <price>41.97</price>
    </product>
    <product>
      <name>Flumazenil</name>
      <price>1151.37</price>
    </product>
    <product>
      <name>Ringers</name>
      <price>1054.37</price>
    </product>
  </sold-products>
  <user first-name="Jeremy" last-name="Woods" />
  <sold-products>
    <product>
      <name>MEDI-FIRST Non-Aspirin</name>
      <price>1301.28</price>
    </product>
    <product>
      <name>Dawn Ultra Antibacterial Hand</name>
      <price>969.86</price>
    </product>
  </sold-products>
</users>